username,firstname,lastname,dob,country,displayname,verified
BlankBanshee,Jeff,Swanson,11/21/72,USA,Blank Banshee,TRUE
TheKnife,Karin,Dreijer,1/21/82,USA,The Knife,TRUE
KanyeWest,Kanye,West,1/11/76,USA,Kanye West,TRUE
IsaiahR,Isiaiah,Rashad,7/22/88,USA,Isaiah Rashad,TRUE
AphexOfficial,Alan,Phex,4/21/82,USA,Aphex Twin,TRUE
Pixies,multiple,multiple,7/21/92,USA,Pixies,TRUE